Workbook
Name Angebotsart: [1]Definitionen!#REF!
Name Angebotsart: [1]Definitionen!#REF!
Name Angebotsart: [1]Definitionen!#REF!
Name Bezeichnung: "'Z18S2':'Z32S2'"
Name GPTA0_P2.9_I4: #REF!
Name GPTA0_P2.9_I4: #REF!
Name GTM_INT: #REF!
Name GTM_INT: #REF!
Name GTM_IO: #REF!
Name GTM_IO: #REF!
Name GTM_IRQ: #REF!
Name Prefix: [2]Definitions!#REF!
Name Prefix: [2]Definitions!#REF!
Name Prefix: [2]Definitions!#REF!
Name Pulldown: [2]Definitions!#REF!
Name Pulldown: [2]Definitions!#REF!
Name Pulldown: [2]Definitions!#REF!
Name SOP: '[1]2. Projekt Technik'!#REF!
Name SOP: '[1]2. Projekt Technik'!#REF!
Name Szenario: '[1]2. Projekt Technik'!#REF!
Name Szenario: '[1]2. Projekt Technik'!#REF!
Name Variant: #REF!
Name Variant: #REF!

Sheet ChangeHistory
A1: File-Information
A3: Processor Type | B3: TC275T
A4: Template Version | B4: 1
A6: Project-Name
A7: Customer | B7: TBD
A8: EA-Number
A10: This file represents the interface between hard- and software for a certain project.
A11: Please enter all data completely and carefully.
A12: Anything not requested won't appear in the port assignment!
A14: List Of Changes
A16: Item No. | B16: Date | C16: Name | D16: Comment
A17: 1 | B17: 08/28/2012 | C17: Trempert | D17: Abgeleitet von Version: Ports_Inverter_Gen3_Device3_ELMAR_Plattform_Prototyp.xls Mit Item No.12
A18: 2 | B18: 41172 | C18: Prathap Singh (RBEI/EEH2) | D18: First draft of assignment created.
A19: 3 | B19: 41183 | C19: Eiben | D19: Info Mark Damson: changed P21.0, P21.1,P21.3,P21.4 from TOM to ATOM and P21.3 from ATOM to TOM
A20: 4 | B20: 41219 | C20: Prathap Singh (RBEI/EEH2) Trempert Chris (GS-EH/EPC3) | D20: Signal name changes: - CTO_EN2_B1 (P10_1) --> CTO_EN3_B1 (P10_1); - CTO_STB2_B2 (P10_2) --> CTO_STB3_B2 (P10_2); - CTO_ERR2_B2_MON (P33_1) --> CTO_ERR3_B2_MON (P33_1) ; - CTO_WAKE2_B1_MON (P33_0) --> CTO_WAKE3_B1_MON (P33_0) - CTO_EN1 (P2_4) --> CTO_EN2 (P2_4) - CTO_STB1 (P2_5) --> CTO_STB2 (P2_5) - CTO_ERR1_B0 (P10_7) --> CTO_ERR2_B0 (P10_7) - CTO_WAKE1 (P2_6) --> CTO_WAKE2 (P2_6)
A21: 5 | B21: 41282 | C21: Navin Kumar (RBEI/EEH2) | D21: - Updated driver strength
A22: 6 | B22: 41285 | C22: Trempert Chris (GS-EH/EPC3) Navin Kumar (RBEI/EEH2) | D22: - Changed the driver strength as per mail dated 01/10/2013 from Mr.Trempert Chris
A23: 17 | B23: 41348 | C23: Eiben, Frank | D23: - changed CLK_CPLD_DO from EXTCLK0 to GTMCLK0
A24: 1 | B24: 41358 | C24: Trempert Chris (GS-EH/EPE1) Gurumahantesh (RBEI/EEH2) | D24: Initial version of assignment created based on : Ports_Inverter_Gen3_Device3_ELMAR35_INVCON3.3_VW_Audi as per mail from Mr.Trempert dated - 13-03-2013.
A25: 2 | B25: 41382 | C25: Prathap Singh (RBEI/EEH2) | D25: - HBHP1_DO --> inclusion of ATOM0_0 under "GTM-int" column - RXD_NVuC_TXD_HVuC --> inclusion of TIM3_0 as it is needed to capture the timestamp along with the regular UART functionality - ADC_Trigger_DO --> inclusion of ATOM1_1 and ATOM1_0
A26: 3 | B26: 41397 | C26: Trempert Chris (GS-EH/EPE1) Navin Kumar (RBEI/EEH2) | D26: - Driver strengths are updated for some of the signals
A27: 4 | B27: 41431 | C27: Navin Kumar (RBEI/EEH2) | D27: - ADC namings updated in the template
A28: 5 | B28: 41466 | C28: Prathap Singh (RBEI/EEH2) Kirschner Manfred (GS-EH/EPE1) | D28: Creation of C-Sample with reference to B-Sample assignment: - RES_DI_AIN – added “I” to indicate it is a GPIO Input signal - NERROR_Pin – TIM0_4 not needed and removed - TRQ_EN_DI – TIM0_5 not needed as it is GPIO input - EMTMP_CTRL_DO – pin config changed from “U-T” to “WEAK” - B1/2/3_DI - pin config changed from “U-T” to “F-T”
A29: 6 | B29: 41470 | C29: Kirschner Manfred (GS-EH/EPE1) Prathap Singh (RBEI/EEH2) | D29: - RES_DI_AIN - signal deleted - NWDA - signal deleted - CPLD_RES2_DI, CPLD_RES3_DI, CPLD_RES4_DI - signals deleted - RSV_NENEXTHI_DO - new signal assinged at P32.2 - RSV_NENEXTLO_DO - new signal assigned at P32.3 - VOGT_DIAG_DO - new signal assigned at P13.0 - VOGT_DIAG_AIN - new signal assigned at AN35 - CTO_NSTB - new signal assigned at P02.6 - RSV_COSLO_AIN - pin config chanegd from U - T to F – T - RSV_EXTLO_DO - pin config changed from WEAK to MED
... A36: 13 | B36: 41583 | C36: Kirschner Manfred (GS-EH/EPE1) Abhishek S R(RBEI/EEH2) | D36: changes are as per mail dated Di 22.10.2013 12:52 - RSTGTRL_DO and RSTGTRH_DO renamed in CPLD_RES2_DI and CPLD_RES3_DI, pin config for all CPLD_RESx changed to "U-T" - SLSO06_CY327 (P20.10) moved to SLSO02_CY327 (P20.13) - SLSO02_FLR_EN (P20.13) moved to SLSO06_FLR_EN (P20.10) - KL31_SENSE_AIN, VDD5G3_AIN deleted - vWhiRe renamed to vWhlRi_DI - vWhiLe renamed to vWhlLe_DI - NERROR Pin renamed to NERROR - SD_VDD3V3_DCW_DO pin config changed from "WEAK" to "MED" - Pin config B0_DI, B1_DI, B2_DI is "U-T" because not used in series ECU
A37: V0.0 | B37: 43439 | C37: ZXC,ZWB,LYH | D37: First version
A38: V1.0 | B38: 43453 | C38: LYH

Sheet HSI
B2: HSI_INVxxxx
B3: TC275 (LQFP)
B4: Author: | C4: XXX
B5: Dept:
B6: Date:
B7: General | N7: HW Confirm | P7: SW Confirm
B8: Signal Name | C8: HW Name Netlist | D8: ShortName | E8: Pin Num | F8: Pin Name | G8: Change | H8: uC Fun | I8: Dir | J8: ASIL | K8: State | L8: Filter | M8: 功能描述 | N8: Accept | O8: Comment | P8: Accept | Q8: Comment
B9: Analog Inputs
B10: IU_A_AI | C10: IU_A_AN32 | D10: IUA | E10: 38 | F10: =INDIRECT("REF!B"&MATCH(E10,REF!A:A,0)) -> AN32 | G10: N | H10: VADC | I10: A | J10: A | L10: <5us | M10: Level1相电流采集1, G4CH0 | N10: Accept | P10: Reject
B11: IV_A_AI | C11: IV_A_AN44 | D11: IVA | E11: 31 | F11: =INDIRECT("REF!B"&MATCH(E11,REF!A:A,0)) -> AN44 | G11: N | H11: VADC | I11: A | J11: A | L11: <5us | M11: Level1相电流采集2, G5CH4 | N11: Accept | P11: Reject
B12: IW_A_AI | C12: IW_A_AN48 | D12: IWA | E12: 23 | F12: =INDIRECT("REF!B"&MATCH(E12,REF!A:A,0)) -> AN48 | G12: N | H12: VADC | I12: A | J12: A | K12: tri-state | L12: <5us | M12: Level1相电流采集3, Port端口定义为三态, G6CH0 | N12: Accept | P12: Reject
B13: IU_B_AI | C13: IU_B_AN49 | D13: IUB | E13: 22 | F13: =INDIRECT("REF!B"&MATCH(E13,REF!A:A,0)) -> AN49 | G13: N | H13: VADC | I13: A | J13: C | K13: tri-state | L13: <5us | M13: Level2相电流采集1, Port端口定义为三态, G6CH1 | N13: Accept | P13: Reject
B14: IV_B_AI | C14: IV_B_AN33 | D14: IVB | E14: 37 | F14: =INDIRECT("REF!B"&MATCH(E14,REF!A:A,0)) -> AN33 | G14: N | H14: VADC | I14: A | J14: C | L14: <5us | M14: Level2相电流采集2, G4CH1 | N14: Accept | P14: Reject
B15: IW_B_AI | C15: IW_B_AN45 | D15: IWB | E15: 30 | F15: =INDIRECT("REF!B"&MATCH(E15,REF!A:A,0)) -> AN45 | G15: N | H15: VADC | I15: A | J15: C | L15: <5us | M15: Level2相电流采集3, G5CH5 | N15: Accept | P15: Reject
B16: EXCP_DS1_AI | C16: EXCP_DS1_AN0 | D16: EXCP | E16: 67 | F16: =INDIRECT("REF!B"&MATCH(E16,REF!A:A,0)) -> AN0 | G16: N | H16: DSADC | I16: A | J16: A | K16: ` | L16: <5us | M16: 旋变软解码level1激励差分信号采集，需要分压给MCU. 触发TIM时间捕捉，TIM1_0. DSADC1 | N16: Accept | P16: Reject
B17: EXCN_DS1_AI | C17: EXCN_DS1_AN1 | D17: EXCN | E17: 66 | F17: =INDIRECT("REF!B"&MATCH(E17,REF!A:A,0)) -> AN1 | G17: N | H17: DSADC | I17: A | J17: A | L17: <5us | N17: Accept | P17: Reject
B18: SINP_DS0_AI | C18: SINP_DS0_AN2 | D18: SINP | E18: 65 | F18: =INDIRECT("REF!B"&MATCH(E18,REF!A:A,0)) -> AN2 | G18: N | H18: DSADC | I18: A | J18: A | L18: <5us | M18: 旋变软解码level1反馈信号SIN差分信号采集. DSADC0 | N18: Accept | P18: Reject
B19: SINN_DS0_AI | C19: SINN_DS0_AN3 | D19: SINN | E19: 64 | F19: =INDIRECT("REF!B"&MATCH(E19,REF!A:A,0)) -> AN3 | G19: N | H19: DSADC | I19: A | J19: A | L19: <5us | N19: Accept | P19: Reject
B20: COSP_DS2_AI | C20: COSP_DS2_AN20 | D20: COSP | E20: 46 | F20: =INDIRECT("REF!B"&MATCH(E20,REF!A:A,0)) -> AN20 | G20: N | H20: DSADC | I20: A | J20: A | L20: <5us | M20: 旋变软解码level1反馈信号COS差分信号采集.DSADC2 | N20: Accept | P20: Reject
B21: COSN_DS2_AI | C21: COSN_DS2_AN21 | D21: COSN | E21: 45 | F21: =INDIRECT("REF!B"&MATCH(E21,REF!A:A,0)) -> AN21 | G21: N | H21: DSADC | I21: A | J21: A | L21: <5us | N21: Accept | P21: Reject
B22: SINH_AI | C22: SINH_AN4 | D22: SINH | E22: 63 | F22: =INDIRECT("REF!B"&MATCH(E22,REF!A:A,0)) -> AN4 | G22: N | H22: VADC | I22: A | J22: C | L22: <5us | M22: 旋变软解码level2反馈信号SIN+信号, G0CH4 | N22: Accept | P22: Reject
B23: SINL_AI | C23: SINL_AN8 | D23: SINL | E23: 59 | F23: =INDIRECT("REF!B"&MATCH(E23,REF!A:A,0)) -> AN8 | G23: N | H23: VADC | I23: A | J23: C | L23: <5us | M23: 旋变软解码level2反馈信号SIN-信号, G1CH0 | N23: Accept | P23: Reject
B24: COSH_AI | C24: COSH_AN16 | D24: COSH | E24: 50 | F24: =INDIRECT("REF!B"&MATCH(E24,REF!A:A,0)) -> AN16 | G24: N | H24: VADC | I24: A | J24: C | L24: <5us | M24: 旋变软解码level2反馈信号COS+信号, G2CH0 | N24: Accept | P24: Reject
B25: COSL_AI | C25: COSL_AN24 | D25: COSL | E25: 44 | F25: =INDIRECT("REF!B"&MATCH(E25,REF!A:A,0)) -> AN24 | G25: N | H25: VADC | I25: A | J25: C | L25: <5us | M25: 旋变软解码level2反馈信号COS-信号, G3CH0 | N25: Accept | P25: Reject
B26: HVUP_AI | C26: HVUP_AN17 | D26: HVUP | E26: 49 | F26: =INDIRECT("REF!B"&MATCH(E26,REF!A:A,0)) -> AN17 | G26: N | H26: VADC | I26: A | J26: A | L26: <10us | M26: 高压母线电压采集正。通过隔离线性光耦, G2CH1 | N26: Accept | P26: Reject
B27: HVUN_AI | C27: HVUN_AN25 | D27: HVUN | E27: 43 | F27: =INDIRECT("REF!B"&MATCH(E27,REF!A:A,0)) -> AN25 | G27: N | H27: VADC | I27: A | J27: A | L27: <10us | M27: 高压母线电压采集负，通过隔离线性光耦, G3CH1 | N27: Accept | P27: Reject
B28: UBR1_AI | C28: UBR1_AN5 | D28: UBR1 | E28: 62 | F28: =INDIRECT("REF!B"&MATCH(E28,REF!A:A,0)) -> AN5 | G28: Y | H28: VADC | I28: A | J28: A | L28: <1ms | M28: 12V电池电压采集 | N28: Accept | P28: Reject
B29: UBR2_AI | C29: UBR2_AN37 | D29: UBR2 | E29: 34 | F29: =INDIRECT("REF!B"&MATCH(E29,REF!A:A,0)) -> AN37 | G29: Y | H29: VADC | I29: A | J29: A | L29: <1ms | M29: 第二路12V电池电压采集, 斜率要求与第一路不能一样 | N29: Accept | P29: Reject
B30: ADCTEST_AI | C30: ADCTEST_AN35 | D30: ADCTEST | E30: 36 | F30: =INDIRECT("REF!B"&MATCH(E30,REF!A:A,0)) -> AN35 | G30: Y | H30: VADC | I30: A | J30: A | L30: <1ms | M30: PDD, pull-down device for pull-down diagnostics, 2.5V | N30: Accept | P30: Reject
B31: VDD15_AI | C31: VDD15_AN47 | D31: VDD15 | E31: 28 | F31: =INDIRECT("REF!B"&MATCH(E31,REF!A:A,0)) -> AN47 | G31: Y | H31: VADC | I31: A | J31: A | L31: <1ms | M31: 驱动16V电压信号回采 | N31: Accept | P31: Reject
B32: MTEM1_AI | C32: MTEM1_AN11 | D32: MTEM1 | E32: 57 | F32: =INDIRECT("REF!B"&MATCH(E32,REF!A:A,0)) -> AN11 | G32: Y | H32: VADC | I32: A | J32: A | L32: <5ms | M32: 电机定子温度1采集 | N32: Accept | P32: Reject
B33: MTEM2_AI | C33: MTEM2_AN13 | D33: MTEM2 | E33: 55 | F33: =INDIRECT("REF!B"&MATCH(E33,REF!A:A,0)) -> AN13 | G33: Y | H33: VADC | I33: A | J33: A | L33: <5ms | M33: 电机定子温度2采集 | N33: Accept | P33: Reject
... B37: HWVER_AI | C37: HWVER_AN38 | D37: HWVER | E37: 33 | F37: =INDIRECT("REF!B"&MATCH(E37,REF!A:A,0)) -> AN38 | G37: Y | H37: VADC | I37: A | J37: A | L37: <1ms | M37: 硬件版本信息G4CH5 | N37: Accept | P37: Reject
N38: Reject | P38: Reject
B39: PWM Outputs/Inputs
B40: PWMTRG_O | C40: PWMTRG_P02_8 | D40: PWMTRG | E40: 9 | F40: =INDIRECT("REF!B"&MATCH(E40,REF!A:A,0)) -> P02.8 | G40: N | H40: ATOM0_0 | I40: O | J40: A | L40: NA | M40: 软件预留，外接测试焊盘: ATOM0_0, TIM2_0，连接到P00.0 | N40: Reject | P40: Reject
B41: PU | C41: PU_P02_1 | D41: PU | E41: 2 | F41: =INDIRECT("REF!B"&MATCH(E41,REF!A:A,0)) -> P02.1 | G41: N | H41: ATOM0_1 | I41: O | J41: A | L41: NA | M41: IGBT驱动信号,ATOM0_1 | N41: Reject | P41: Reject
B42: PV | C42: PV_P02_2 | D42: PV | E42: 3 | F42: =INDIRECT("REF!B"&MATCH(E42,REF!A:A,0)) -> P02.2 | G42: N | H42: ATOM0_2 | I42: O | J42: A | L42: NA | M42: IGBT驱动信号,ATOM0_2 | N42: Reject | P42: Reject
B43: PW | C43: PW_P02_3 | D43: PW | E43: 4 | F43: =INDIRECT("REF!B"&MATCH(E43,REF!A:A,0)) -> P02.3 | G43: N | H43: ATOM0_3 | I43: O | J43: A | L43: NA | M43: IGBT驱动信号,ATOM0_3 | N43: Reject | P43: Reject
B44: PX | C44: PX_P02_4 | D44: PX | E44: 5 | F44: =INDIRECT("REF!B"&MATCH(E44,REF!A:A,0)) -> P02.4 | G44: N | H44: ATOM0_4 | I44: O | J44: A | L44: NA | M44: IGBT驱动信号,ATOM0_4 | N44: Reject | P44: Reject
B45: PY | C45: PY_P02_5 | D45: PY | E45: 6 | F45: =INDIRECT("REF!B"&MATCH(E45,REF!A:A,0)) -> P02.5 | G45: N | H45: ATOM0_5 | I45: O | J45: A | L45: NA | M45: IGBT驱动信号,ATOM0_5 | N45: Reject | P45: Reject
B46: PZ | C46: PZ_P02_6 | D46: PZ | E46: 7 | F46: =INDIRECT("REF!B"&MATCH(E46,REF!A:A,0)) -> P02.6 | G46: N | H46: ATOM0_6 | I46: O | J46: A | L46: NA | M46: IGBT驱动信号,ATOM0_6 | N46: Reject | P46: Reject
B47: VADCTRG | C47: VADCTRG_P15_8 | D47: VADCTRG | E47: 141 | F47: =INDIRECT("REF!B"&MATCH(E47,REF!A:A,0)) -> P15.8 | G47: N | H47: ATOM1_1 | I47: O | J47: A | L47: NA | M47: 软件预留,外接测试焊盘： ATOM1_1. 触发AD相电流采集 | N47: Reject | P47: Reject
B48: PWMTRG | C48: PWMTRG_P00_0 | D48: PWMTRG | E48: 11 | F48: =INDIRECT("REF!B"&MATCH(E48,REF!A:A,0)) -> P00.0 | G48: N | H48: TIM2_0 | I48: I | J48: C | L48: 0us | M48: PWM trigger输出门驱动反馈采样, TIM2_0 | N48: Reject | P48: Reject
B49: ADC2TRG | C49: ADC2TRG_P00_3 | D49: ADC2TRG | E49: 14 | F49: =INDIRECT("REF!B"&MATCH(E49,REF!A:A,0)) -> P00.3 | G49: N | H49: TOM0_10 | I49: I | J49: C | L49: <100ns | M49: 2010AS温度采集触发信号 | N49: Reject | P49: Reject
B50: DOUTX | C50: DOUT_X_P00_6 | D50: DOUTX | E50: 17 | F50: =INDIRECT("REF!B"&MATCH(E50,REF!A:A,0)) -> P00.6 | G50: N | H50: TIM2_5 | I50: I | J50: C | L50: <100ns | M50: 驱动反馈采样,TIM2_5 | N50: Reject | P50: Reject
B51: DOUTY | C51: DOUT_Y_P00_7 | D51: DOUTY | E51: 18 | F51: =INDIRECT("REF!B"&MATCH(E51,REF!A:A,0)) -> P00.7 | G51: N | H51: TIM2_6 | I51: I | J51: C | L51: <100ns | M51: 驱动反馈采样,TIM2_6 | N51: Reject | P51: Reject
... B55: RSVTRG_O | C55: RSVTRG_P20_0 | D55: RSVTRG | E55: 116 | F55: =INDIRECT("REF!B"&MATCH(E55,REF!A:A,0)) -> P20.0 | G55: N | H55: ATOM4_6 | I55: O | J55: A | L55: NA | M55: ATOM4_6, TIM0_6, 连接到P20.3 | N55: Reject | P55: Reject
B56: RSVTRG | C56: RSVTRG_P20_3 | D56: RSVTRG | E56: 119 | F56: =INDIRECT("REF!B"&MATCH(E56,REF!A:A,0)) -> P20.3 | G56: N | H56: TIM3_4 | I56: I | J56: C | L56: 0 | M56: RSV VADC触发时刻采样，TIM3_4 | N56: Reject | P56: Reject
B57: SBC_ERR | C57: NERR_P33_8 | D57: NERR | E57: 78 | F57: =INDIRECT("REF!B"&MATCH(E57,REF!A:A,0)) -> P33.8 | G57: N | H57: NERROR | I57: O | J57: C | L57: <100ns | M57: system and application resets, SMUFSP, 接35584 ERR PIN | N57: Reject | P57: Reject
B58: OCPWMH | C58: OCPWMH_P23_3 | D58: OCPWMH | E58: 92 | F58: =INDIRECT("REF!B"&MATCH(E58,REF!A:A,0)) -> P23.3 | G58: N | H58: TOM0_12 | I58: O | J58: A | L58: NA | M58: 硬件过流比较高设置 | N58: Reject | P58: Reject
B59: OCPWML | C59: OCPWML_P23_4 | D59: OCPWML | E59: 93 | F59: =INDIRECT("REF!B"&MATCH(E59,REF!A:A,0)) -> P23.4 | G59: N | H59: TOM1_7 | I59: O | J59: A | L59: NA | M59: 硬件过流比较低设置 | N59: Reject | P59: Reject
B60: DFDN_L | C60: DFDN_L_P10_1 | D60: DFDNL | E60: 169 | F60: =INDIRECT("REF!B"&MATCH(E60,REF!A:A,0)) -> P10.1 | G60: N | H60: ATOM4_1 | I60: O | J60: A | L60: NA | M60: Low side DFW, ATOM4_1 | N60: Reject | P60: Reject
B61: DFUP_L | C61: DFUP_L_P10_2 | D61: DFUPL | E61: 170 | F61: =INDIRECT("REF!B"&MATCH(E61,REF!A:A,0)) -> P10.2 | G61: N | H61: ATOM4_2 | I61: O | J61: A | L61: NA | M61: Low side DFW, ATOM4_2 | N61: Reject | P61: Reject
B62: DFDN_H | C62: DFDN_H_P10_3 | D62: DFDNH | E62: 171 | F62: =INDIRECT("REF!B"&MATCH(E62,REF!A:A,0)) -> P10.3 | G62: N | H62: ATOM4_3 | I62: O | J62: A | L62: NA | M62: High side DFW, ATOM4_3, 预留 | N62: Reject | P62: Reject
B63: DFUP_H | C63: DFUP_H_P10_0 | D63: DFUPH | E63: 168 | F63: =INDIRECT("REF!B"&MATCH(E63,REF!A:A,0)) -> P10.0 | G63: N | H63: ATOM4_4 | I63: O | J63: A | L63: NA | M63: High side DFW, ATOM4_4, 预留 | N63: Reject | P63: Reject
B64: WDI | C64: WDI_P20_9 | D64: WDI | E64: 127 | F64: =INDIRECT("REF!B"&MATCH(E64,REF!A:A,0)) -> P20.9 | G64: N | H64: TOM2_13 | I64: O | J64: A | L64: NA | M64: 看门狗控制输出 | N64: Reject | P64: Reject
B65: CRASH | C65: CRASH_P20_8 | D65: CRASH | E65: 126 | F65: =INDIRECT("REF!B"&MATCH(E65,REF!A:A,0)) -> P20.8 | G65: Y | H65: TIM0_7 | I65: I | J65: A | L65: <100ns | M65: 碰撞信号输入 | N65: Reject | P65: Reject
B66: CFI | C66: CFI_P15_5 | D66: CFI | E66: 138 | F66: =INDIRECT("REF!B"&MATCH(E66,REF!A:A,0)) -> P15.5 | G66: Y | H66: TIM3_0 | I66: I | J66: A | L66: <100ns | M66: 刷新输入PWM | N66: Reject | P66: Reject
N67: Reject | P67: Reject
B68: Edge Input/Output
B69: SBC_ROT | C69: NRSTC | D69: NRSTC | E69: 121 | F69: =INDIRECT("REF!B"&MATCH(E69,REF!A:A,0)) -> PORST | G69: N | H69: PORST | I69: I | J69: A | L69: TBD | M69: 上电复位信号 | N69: Reject | P69: Reject
B70: NFLTSUM | C70: NFLT_SUM_P11_3 | D70: NFLTSUM | E70: 161 | F70: =INDIRECT("REF!B"&MATCH(E70,REF!A:A,0)) -> P11.3 | G70: N | H70: TIM2_2 | I70: I | J70: A | L70: <1us | M70: 综合故障 | N70: Reject | P70: Reject
B71: NOC | C71: NOC_P33_0 | D71: NOC | E71: 70 | F71: =INDIRECT("REF!B"&MATCH(E71,REF!A:A,0)) -> P33.0 | G71: N | H71: TIM0_4 | I71: I | J71: A | L71: <1us | M71: 相电流过流信号(单脉冲>3us)，TIM0_4，下降沿触发中断进安全状态 | N71: Reject | P71: Reject
B72: OCLOCK | C72: OCLOCK_P33_1 | D72: OCLOCK | E72: 71 | F72: =INDIRECT("REF!B"&MATCH(E72,REF!A:A,0)) -> P33.1 | G72: N | H72: TIM0_5 | I72: I | J72: A | L72: <1us | M72: 相电流过流信号(干扰>3us)，TIM0_5，下降沿触发中断进安全状态 | N72: Reject | P72: Reject
B73: NOV1 | C73: NOV1_P33_2 | D73: NOV1 | E73: 72 | F73: =INDIRECT("REF!B"&MATCH(E73,REF!A:A,0)) -> P33.2 | G73: N | H73: TIM1_6 | I73: I | J73: A | L73: <1us | M73: 母线电压过压信号(单脉冲>3us),TIM1_6，下降沿触发中断进安全状态 | N73: Reject | P73: Reject
B74: NOV2 | C74: NOV2_P33_3 | D74: NOV2 | E74: 73 | F74: =INDIRECT("REF!B"&MATCH(E74,REF!A:A,0)) -> P33.3 | G74: N | H74: TIM1_7 | I74: I | J74: A | L74: <1us | M74: 母线电压过压信号(干扰>3us),TIM1_7，下降沿触发中断进安全状态 | N74: Reject | P74: Reject
B75: NFLTBH | C75: NFLTBH_P10_8 | D75: NFLTBH | E75: 176 | F75: =INDIRECT("REF!B"&MATCH(E75,REF!A:A,0)) -> P10.8 | G75: N | H75: TIM1_5 | I75: I | J75: A | L75: <1us | M75: Lowside 1ED FLTA fault | N75: Reject | P75: Reject
B76: NFLTAH | C76: NFLTAH_P02_0 | D76: NFLTAH | E76: 1 | F76: =INDIRECT("REF!B"&MATCH(E76,REF!A:A,0)) -> P02.0 | G76: N | H76: TIM0_0 | I76: I | J76: A | L76: <1us | M76: Highside 1ED FLTA fault | N76: Reject | P76: Reject
B77: NFLTBL | C77: NFLTBL_P00_5 | D77: NFLTBL | E77: 16 | F77: =INDIRECT("REF!B"&MATCH(E77,REF!A:A,0)) -> P00.5 | G77: N | H77: TIM2_4 | I77: I | J77: A | L77: <1us | M77: Highside 1ED FLTB fault | N77: Reject | P77: Reject
B78: NFLTAL | C78: NFLTAL_P00_4 | D78: NFLTAL | E78: 15 | F78: =INDIRECT("REF!B"&MATCH(E78,REF!A:A,0)) -> P00.4 | G78: N | H78: TIM3_3 | I78: I | J78: A | L78: <1us | M78: Lowside 1ED FLTB fault | N78: Reject | P78: Reject
B79: SBC_INT | C79: SBC_INT_ESR1 | D79: SBCINT | E79: 120 | F79: =INDIRECT("REF!B"&MATCH(E79,REF!A:A,0)) -> ESR1 | G79: N | H79: NMI | I79: I | J79: A | L79: <100ns | M79: SBC interrupt to MCU | N79: Reject | P79: Reject
E80: 122 | F80: =INDIRECT("REF!B"&MATCH(E80,REF!A:A,0)) -> ESR0 | G80: N | H80: NMI | I80: I | J80: A | N80: Reject | P80: Reject
N81: Reject | P81: Reject
B82: Digital Inputs/Outputs
B83: KL15 | C83: KL15_P20_6 | D83: KL15 | E83: 124 | F83: =INDIRECT("REF!B"&MATCH(E83,REF!A:A,0)) -> P20.6 | H83: GPIO | I83: I | J83: A | L83: <1ms | M83: KL15信号输入 | N83: Accept | P83: Reject
B84: WAKE | C84: WAKE_P20_1 | D84: WAKE | E84: 117 | F84: =INDIRECT("REF!B"&MATCH(E84,REF!A:A,0)) -> P20.1 | H84: GPIO | I84: I | J84: A | K84: Pull down | L84: <1ms | M84: VCU, ACC/Wake up信号 | N84: Accept | P84: Reject
B85: MR | C85: MR_P23_0 | D85: MR | E85: 89 | F85: =INDIRECT("REF!B"&MATCH(E85,REF!A:A,0)) -> P23.0 | H85: GPIO | I85: O | J85: A | L85: NA | M85: 低压模拟主继电器控制，上下电时序,\ | N85: Accept | P85: Reject
B86: L2_ASCEN | C86: L2_ASCEN_P15_3 | D86: L2ASCEN | E86: 136 | F86: =INDIRECT("REF!B"&MATCH(E86,REF!A:A,0)) -> P15.3 | G86: N | H86: GPIO | I86: O | J86: A | L86: NA | M86: Level2安全状态使能。高：PWM有效；低；FSSTSTE有效。驱动芯片侧需要电容滤波 | N86: Accept | P86: Reject
B87: ST_L2_ASCEN | C87: ST_L2_ASCEN_P15_4 | D87: STL2ASCEN | E87: 137 | F87: =INDIRECT("REF!B"&MATCH(E87,REF!A:A,0)) -> P15.4 | G87: N | H87: GPIO | I87: I | J87: C | L87: <100ns | M87: Level2 ASCEN信号回采 | N87: Accept | P87: Reject
B88: NESO | C88: NESO_P02_7 | D88: NESO | E88: 8 | F88: =INDIRECT("REF!B"&MATCH(E88,REF!A:A,0)) -> P02.7 | G88: N | H88: GPIO | I88: O | J88: A | L88: NA | M88: Level1紧急控制模式。高：正常模式；低:ASC模式 | N88: Accept | P88: Reject
B89: MTEM1SEL | C89: MTEM1SEL_P32_2 | D89: MTEM1SEL | E89: 86 | F89: =INDIRECT("REF!B"&MATCH(E89,REF!A:A,0)) -> P32.2 | H89: GPIO | I89: O | J89: A | L89: NA | M89: Temperature Motor1电机定子温度匹配电阻选择 | N89: Accept | P89: Reject
B90: MTEM2SEL | C90: MTEM2SEL_P32_3 | D90: MTEM2SEL | E90: 87 | F90: =INDIRECT("REF!B"&MATCH(E90,REF!A:A,0)) -> P32.3 | H90: GPIO | I90: O | J90: A | L90: NA | M90: Temperature Motor2电机定子温度匹配电阻选择,复用PUMP_PWM_PI | N90: Accept | P90: Reject
B91: SBC_TM | C91: NTM_P15_6 | D91: NTM | E91: 139 | F91: =INDIRECT("REF!B"&MATCH(E91,REF!A:A,0)) -> P15.6 | H91: GPIO | I91: O | J91: A | L91: NA | M91: 1-35584 test mode,0-Normal mode | N91: Accept | P91: Reject
B92: ENSMPS | C92: ENSMPS_P20_7 | D92: ENSMPS | E92: 125 | F92: =INDIRECT("REF!B"&MATCH(E92,REF!A:A,0)) -> P20.7 | H92: GPIO | I92: O | J92: A | L92: NA | M92: 16V Buck/Boost enable | N92: Accept | P92: Reject
B93: ENCAN | C93: ENCAN_P14_9 | D93: ENCAN | E93: 151 | F93: =INDIRECT("REF!B"&MATCH(E93,REF!A:A,0)) -> P14.9 | H93: GPIO | I93: O | J93: A | L93: NA | M93: CAN0 enable | N93: Accept | P93: Reject
B94: NSTBCAN | C94: NSTBCAN_P14_10 | D94: NSTBCAN | E94: 152 | F94: =INDIRECT("REF!B"&MATCH(E94,REF!A:A,0)) -> P14.10 | H94: GPIO | I94: O | J94: A | L94: NA | M94: CAN0 standby enable | N94: Accept | P94: Reject
B95: ENH | C95: ENH_P14_8 | D95: ENH | E95: 150 | F95: =INDIRECT("REF!B"&MATCH(E95,REF!A:A,0)) -> P14.8 | H95: GPIO | I95: O | J95: A | L95: NA | M95: 1ED High side enable | N95: Accept | P95: Reject
B96: ENL | C96: ENL_P14_7 | D96: ENL | E96: 149 | F96: =INDIRECT("REF!B"&MATCH(E96,REF!A:A,0)) -> P14.7 | H96: GPIO | I96: O | J96: A | L96: NA | M96: 1ED Low side enable | N96: Accept | P96: Reject
B97: RDYH | C97: RDYH_P13_0 | D97: RDYH | E97: 156 | F97: =INDIRECT("REF!B"&MATCH(E97,REF!A:A,0)) -> P13.0 | H97: GPIO | I97: I | J97: A | L97: NA | M97: Highside 1ED RDY signal | N97: Accept | P97: Reject
B98: RDYL | C98: RDYL_P13_3 | D98: RDYL | E98: 159 | F98: =INDIRECT("REF!B"&MATCH(E98,REF!A:A,0)) -> P13.3 | H98: GPIO | I98: I | J98: A | L98: NA | M98: Lowside 1ED RDY signal | N98: Accept | P98: Reject
B99: LED1 | C99: LED1_P21_1 | D99: LED1 | E99: 106 | F99: =INDIRECT("REF!B"&MATCH(E99,REF!A:A,0)) -> P21.1 | H99: GPIO | I99: O | J99: A | L99: NA | N99: Accept | P99: Reject
B100: LED2 | C100: LED2_P21_4 | D100: LED2 | E100: 109 | F100: =INDIRECT("REF!B"&MATCH(E100,REF!A:A,0)) -> P21.4 | H100: GPIO | I100: O | J100: A | L100: NA | N100: Accept | P100: Reject
B101: LED3 | C101: LED3_P21_5 | D101: LED3 | E101: 110 | F101: =INDIRECT("REF!B"&MATCH(E101,REF!A:A,0)) -> P21.5 | H101: GPIO | I101: O | J101: A | L101: NA | N101: Accept | P101: Reject
B102: NOC_CLR | C102: NOC_CLR_P15_2 | D102: NOCCLR | E102: 135 | F102: =INDIRECT("REF!B"&MATCH(E102,REF!A:A,0)) -> P15.2 | H102: GPIO | I102: O | J102: A | L102: NA | M102: 清除过流锁存信号 | N102: Accept | P102: Reject
B103: TESTMODE | C103: TESTMODE_P20_2 | D103: TESTMODE | E103: 118 | F103: =INDIRECT("REF!B"&MATCH(E103,REF!A:A,0)) -> P20.2 | H103: GPIO | I103: I | J103: A | L103: NA | M103: Pull Up to VDD5 | N103: Reject
N104: Reject | P104: Reject
B105: SPI Signals
B106: DRV_CLK3 | C106: DRV_CLK3_P22_3 | D106: DRVCLK3 | E106: 98 | F106: =INDIRECT("REF!B"&MATCH(E106,REF!A:A,0)) -> P22.3 | G106: N | H106: QSPI3 | I106: O | J106: A | M106: SPI3_SCLK，IGBT驱动1EDI2002AS/2010AS芯片驱动 | N106: Reject | P106: Reject
B107: DRV_MTSR3 | C107: DRV_MTSR3_P22_0 | D107: DRVMTSR3 | E107: 95 | F107: =INDIRECT("REF!B"&MATCH(E107,REF!A:A,0)) -> P22.0 | G107: N | H107: QSPI3 | I107: O | J107: A | M107: SPI3_MTSR | N107: Reject | P107: Reject
...

Sheet REF
A1: PinNumber | B1: PinName | C1: Signal Name | D1: 备注
A2: 1 | B2: P02.0 | C2: =IFERROR(INDIRECT("HSI!B"&MATCH(A2,HSI!E:E,0)),"N.C.") -> NFLTAH | D2: Signal Name由HSI链接过来
A3: 2 | B3: P02.1 | C3: =IFERROR(INDIRECT("HSI!B"&MATCH(A3,HSI!E:E,0)),"N.C.") -> PU
A4: 3 | B4: P02.2 | C4: =IFERROR(INDIRECT("HSI!B"&MATCH(A4,HSI!E:E,0)),"N.C.") -> PV
A5: 4 | B5: P02.3 | C5: =IFERROR(INDIRECT("HSI!B"&MATCH(A5,HSI!E:E,0)),"N.C.") -> PW
A6: 5 | B6: P02.4 | C6: =IFERROR(INDIRECT("HSI!B"&MATCH(A6,HSI!E:E,0)),"N.C.") -> PX
A7: 6 | B7: P02.5 | C7: =IFERROR(INDIRECT("HSI!B"&MATCH(A7,HSI!E:E,0)),"N.C.") -> PY
A8: 7 | B8: P02.6 | C8: =IFERROR(INDIRECT("HSI!B"&MATCH(A8,HSI!E:E,0)),"N.C.") -> PZ
A9: 8 | B9: P02.7 | C9: =IFERROR(INDIRECT("HSI!B"&MATCH(A9,HSI!E:E,0)),"N.C.") -> NESO
A10: 9 | B10: P02.8 | C10: =IFERROR(INDIRECT("HSI!B"&MATCH(A10,HSI!E:E,0)),"N.C.") -> PWMTRG_O
A11: 10 | B11: VDD/VDDSB | C11: VDD1V3 | D11: Signal Name为手动输入
A12: 11 | B12: P00.0 | C12: =IFERROR(INDIRECT("HSI!B"&MATCH(A12,HSI!E:E,0)),"N.C.") -> PWMTRG | D12: Signal Name由HSI链接过来
A13: 12 | B13: P00.1 | C13: =IFERROR(INDIRECT("HSI!B"&MATCH(A13,HSI!E:E,0)),"N.C.") -> N.C.
A14: 13 | B14: P00.2 | C14: =IFERROR(INDIRECT("HSI!B"&MATCH(A14,HSI!E:E,0)),"N.C.") -> N.C.
A15: 14 | B15: P00.3 | C15: =IFERROR(INDIRECT("HSI!B"&MATCH(A15,HSI!E:E,0)),"N.C.") -> ADC2TRG
A16: 15 | B16: P00.4 | C16: =IFERROR(INDIRECT("HSI!B"&MATCH(A16,HSI!E:E,0)),"N.C.") -> NFLTAL
A17: 16 | B17: P00.5 | C17: =IFERROR(INDIRECT("HSI!B"&MATCH(A17,HSI!E:E,0)),"N.C.") -> NFLTBL
A18: 17 | B18: P00.6 | C18: =IFERROR(INDIRECT("HSI!B"&MATCH(A18,HSI!E:E,0)),"N.C.") -> DOUTX
A19: 18 | B19: P00.7 | C19: =IFERROR(INDIRECT("HSI!B"&MATCH(A19,HSI!E:E,0)),"N.C.") -> DOUTY
A20: 19 | B20: P00.8 | C20: =IFERROR(INDIRECT("HSI!B"&MATCH(A20,HSI!E:E,0)),"N.C.") -> DOUTZ
A21: 20 | B21: P00.9 | C21: =IFERROR(INDIRECT("HSI!B"&MATCH(A21,HSI!E:E,0)),"N.C.") -> N.C.
A22: 21 | B22: P00.10 | C22: =IFERROR(INDIRECT("HSI!B"&MATCH(A22,HSI!E:E,0)),"N.C.") -> N.C.
A23: 22 | B23: AN49 | C23: =IFERROR(INDIRECT("HSI!B"&MATCH(A23,HSI!E:E,0)),"N.C.") -> IU_B_AI
A24: 23 | B24: AN48 | C24: =IFERROR(INDIRECT("HSI!B"&MATCH(A24,HSI!E:E,0)),"N.C.") -> IW_A_AI
A25: 24 | B25: VDD | C25: VDD1V3 | D25: Signal Name为手动输入
A26: 25 | B26: VEXT | C26: VDD5
A27: 26 | B27: VAREF2 | C27: VAREF2
A28: 27 | B28: VAGND2 | C28: GND
A29: 28 | B29: AN47 | C29: =IFERROR(INDIRECT("HSI!B"&MATCH(A29,HSI!E:E,0)),"N.C.") -> VDD15_AI | D29: Signal Name由HSI链接过来
A30: 29 | B30: AN46 | C30: =IFERROR(INDIRECT("HSI!B"&MATCH(A30,HSI!E:E,0)),"N.C.") -> N.C.
A31: 30 | B31: AN45 | C31: =IFERROR(INDIRECT("HSI!B"&MATCH(A31,HSI!E:E,0)),"N.C.") -> IW_B_AI
A32: 31 | B32: AN44 | C32: =IFERROR(INDIRECT("HSI!B"&MATCH(A32,HSI!E:E,0)),"N.C.") -> IV_A_AI
A33: 32 | B33: AN39 | C33: =IFERROR(INDIRECT("HSI!B"&MATCH(A33,HSI!E:E,0)),"N.C.") -> N.C.
A34: 33 | B34: AN38 | C34: =IFERROR(INDIRECT("HSI!B"&MATCH(A34,HSI!E:E,0)),"N.C.") -> HWVER_AI
A35: 34 | B35: AN37 | C35: =IFERROR(INDIRECT("HSI!B"&MATCH(A35,HSI!E:E,0)),"N.C.") -> UBR2_AI
A36: 35 | B36: AN36 | C36: =IFERROR(INDIRECT("HSI!B"&MATCH(A36,HSI!E:E,0)),"N.C.") -> RES3
A37: 36 | B37: AN35 | C37: =IFERROR(INDIRECT("HSI!B"&MATCH(A37,HSI!E:E,0)),"N.C.") -> ADCTEST_AI
A38: 37 | B38: AN33 | C38: =IFERROR(INDIRECT("HSI!B"&MATCH(A38,HSI!E:E,0)),"N.C.") -> IV_B_AI
A39: 38 | B39: AN32 | C39: =IFERROR(INDIRECT("HSI!B"&MATCH(A39,HSI!E:E,0)),"N.C.") -> IU_A_AI
A40: 39 | B40: AN29 | C40: =IFERROR(INDIRECT("HSI!B"&MATCH(A40,HSI!E:E,0)),"N.C.") -> N.C.
A41: 40 | B41: AN28 | C41: =IFERROR(INDIRECT("HSI!B"&MATCH(A41,HSI!E:E,0)),"N.C.") -> RES4
... A51: 50 | B51: AN16 | C51: =IFERROR(INDIRECT("HSI!B"&MATCH(A51,HSI!E:E,0)),"N.C.") -> COSH_AI
A52: 51 | B52: VAGND1 | C52: GND | D52: Signal Name为手动输入
A53: 52 | B53: VAREF1 | C53: VAREF1
A54: 53 | B54: VSSM | C54: GND
A55: 54 | B55: VDDM | C55: VDD5_REF
A56: 55 | B56: AN13 | C56: =IFERROR(INDIRECT("HSI!B"&MATCH(A56,HSI!E:E,0)),"N.C.") -> MTEM2_AI | D56: Signal Name由HSI链接过来
A57: 56 | B57: AN12 | C57: =IFERROR(INDIRECT("HSI!B"&MATCH(A57,HSI!E:E,0)),"N.C.") -> N.C.
A58: 57 | B58: AN11 | C58: =IFERROR(INDIRECT("HSI!B"&MATCH(A58,HSI!E:E,0)),"N.C.") -> MTEM1_AI
A59: 58 | B59: AN10 | C59: =IFERROR(INDIRECT("HSI!B"&MATCH(A59,HSI!E:E,0)),"N.C.") -> RES2
A60: 59 | B60: AN8 | C60: =IFERROR(INDIRECT("HSI!B"&MATCH(A60,HSI!E:E,0)),"N.C.") -> SINL_AI
A61: 60 | B61: AN7 | C61: =IFERROR(INDIRECT("HSI!B"&MATCH(A61,HSI!E:E,0)),"N.C.") -> N.C.
A62: 61 | B62: AN6 | C62: =IFERROR(INDIRECT("HSI!B"&MATCH(A62,HSI!E:E,0)),"N.C.") -> RES1
A63: 62 | B63: AN5 | C63: =IFERROR(INDIRECT("HSI!B"&MATCH(A63,HSI!E:E,0)),"N.C.") -> UBR1_AI
A64: 63 | B64: AN4 | C64: =IFERROR(INDIRECT("HSI!B"&MATCH(A64,HSI!E:E,0)),"N.C.") -> SINH_AI
A65: 64 | B65: AN3 | C65: =IFERROR(INDIRECT("HSI!B"&MATCH(A65,HSI!E:E,0)),"N.C.") -> SINN_DS0_AI
A66: 65 | B66: AN2 | C66: =IFERROR(INDIRECT("HSI!B"&MATCH(A66,HSI!E:E,0)),"N.C.") -> SINP_DS0_AI
A67: 66 | B67: AN1 | C67: =IFERROR(INDIRECT("HSI!B"&MATCH(A67,HSI!E:E,0)),"N.C.") -> EXCN_DS1_AI
A68: 67 | B68: AN0 | C68: =IFERROR(INDIRECT("HSI!B"&MATCH(A68,HSI!E:E,0)),"N.C.") -> EXCP_DS1_AI
A69: 68 | B69: VDD | C69: VDD1V3 | D69: Signal Name为手动输入
A70: 69 | B70: VEXT | C70: VDD5
A71: 70 | B71: P33.0 | C71: =IFERROR(INDIRECT("HSI!B"&MATCH(A71,HSI!E:E,0)),"N.C.") -> NOC | D71: Signal Name由HSI链接过来
A72: 71 | B72: P33.1 | C72: =IFERROR(INDIRECT("HSI!B"&MATCH(A72,HSI!E:E,0)),"N.C.") -> OCLOCK
A73: 72 | B73: P33.2 | C73: =IFERROR(INDIRECT("HSI!B"&MATCH(A73,HSI!E:E,0)),"N.C.") -> NOV1
A74: 73 | B74: P33.3 | C74: =IFERROR(INDIRECT("HSI!B"&MATCH(A74,HSI!E:E,0)),"N.C.") -> NOV2
A75: 74 | B75: P33.4 | C75: =IFERROR(INDIRECT("HSI!B"&MATCH(A75,HSI!E:E,0)),"N.C.") -> N.C.
A76: 75 | B76: P33.5 | C76: =IFERROR(INDIRECT("HSI!B"&MATCH(A76,HSI!E:E,0)),"N.C.") -> N.C.
A77: 76 | B77: P33.6 | C77: =IFERROR(INDIRECT("HSI!B"&MATCH(A77,HSI!E:E,0)),"N.C.") -> N.C.
A78: 77 | B78: P33.7 | C78: =IFERROR(INDIRECT("HSI!B"&MATCH(A78,HSI!E:E,0)),"N.C.") -> N.C.
A79: 78 | B79: P33.8 | C79: =IFERROR(INDIRECT("HSI!B"&MATCH(A79,HSI!E:E,0)),"N.C.") -> SBC_ERR
A80: 79 | B80: P33.9 | C80: =IFERROR(INDIRECT("HSI!B"&MATCH(A80,HSI!E:E,0)),"N.C.") -> N.C.
A81: 80 | B81: P33.10 | C81: =IFERROR(INDIRECT("HSI!B"&MATCH(A81,HSI!E:E,0)),"N.C.") -> N.C.
A82: 81 | B82: P33.11 | C82: =IFERROR(INDIRECT("HSI!B"&MATCH(A82,HSI!E:E,0)),"N.C.") -> EXCLO
A83: 82 | B83: P33.12 | C83: =IFERROR(INDIRECT("HSI!B"&MATCH(A83,HSI!E:E,0)),"N.C.") -> EXCHO
A84: 83 | B84: P33.13 | C84: =IFERROR(INDIRECT("HSI!B"&MATCH(A84,HSI!E:E,0)),"N.C.") -> N.C.
A85: 84 | B85: VGATE1N | C85: VGATE1N | D85: Signal Name为手动输入
A86: 85 | B86: VGATE1P | C86: VGATE1P
A87: 86 | B87: P32.2 | C87: =IFERROR(INDIRECT("HSI!B"&MATCH(A87,HSI!E:E,0)),"N.C.") -> MTEM1SEL | D87: Signal Name由HSI链接过来
A88: 87 | B88: P32.3 | C88: =IFERROR(INDIRECT("HSI!B"&MATCH(A88,HSI!E:E,0)),"N.C.") -> MTEM2SEL
A89: 88 | B89: P32.4 | C89: =IFERROR(INDIRECT("HSI!B"&MATCH(A89,HSI!E:E,0)),"N.C.") -> N.C.
A90: 89 | B90: P23.0 | C90: =IFERROR(INDIRECT("HSI!B"&MATCH(A90,HSI!E:E,0)),"N.C.") -> MR
A91: 90 | B91: P23.1 | C91: =IFERROR(INDIRECT("HSI!B"&MATCH(A91,HSI!E:E,0)),"N.C.") -> DRV_CS313L
A92: 91 | B92: P23.2 | C92: =IFERROR(INDIRECT("HSI!B"&MATCH(A92,HSI!E:E,0)),"N.C.") -> N.C.
A93: 92 | B93: P23.3 | C93: =IFERROR(INDIRECT("HSI!B"&MATCH(A93,HSI!E:E,0)),"N.C.") -> OCPWMH
A94: 93 | B94: P23.4 | C94: =IFERROR(INDIRECT("HSI!B"&MATCH(A94,HSI!E:E,0)),"N.C.") -> OCPWML
A95: 94 | B95: P23.5 | C95: =IFERROR(INDIRECT("HSI!B"&MATCH(A95,HSI!E:E,0)),"N.C.") -> N.C.
A96: 95 | B96: P22.0 | C96: =IFERROR(INDIRECT("HSI!B"&MATCH(A96,HSI!E:E,0)),"N.C.") -> DRV_MTSR3
A97: 96 | B97: P22.1 | C97: =IFERROR(INDIRECT("HSI!B"&MATCH(A97,HSI!E:E,0)),"N.C.") -> DRV_MRST3
A98: 97 | B98: P22.2 | C98: =IFERROR(INDIRECT("HSI!B"&MATCH(A98,HSI!E:E,0)),"N.C.") -> DRV_CS312H
A99: 98 | B99: P22.3 | C99: =IFERROR(INDIRECT("HSI!B"&MATCH(A99,HSI!E:E,0)),"N.C.") -> DRV_CLK3
A100: 99 | B100: VEXT | C100: VDD5 | D100: Signal Name为手动输入
A101: 100 | B101: VDD | C101: VDD1V3
A102: 101 | B102: VSS | C102: GND
A103: 102 | B103: XTAL1 | C103: XTAL1
A104: 103 | B104: XTAL2 | C104: XTAL2
A105: 104 | B105: VDDP3 | C105: VDD3V3
A106: 105 | B106: P21.0 | C106: =IFERROR(INDIRECT("HSI!B"&MATCH(A106,HSI!E:E,0)),"N.C.") -> N.C. | D106: Signal Name由HSI链接过来
A107: 106 | B107: P21.1 | C107: =IFERROR(INDIRECT("HSI!B"&MATCH(A107,HSI!E:E,0)),"N.C.") -> LED1
A108: 107 | B108: P21.2 | C108: =IFERROR(INDIRECT("HSI!B"&MATCH(A108,HSI!E:E,0)),"N.C.") -> N.C.
A109: 108 | B109: P21.3 | C109: =IFERROR(INDIRECT("HSI!B"&MATCH(A109,HSI!E:E,0)),"N.C.") -> N.C.
...

Sheet TC275
C2: Level1 | E2: Level2 | G2: Level3 | I2: Power
A11: 1 | B11: =IFERROR(INDIRECT("REF!C"&MATCH(A11,REF!A:A,0)),"N.C.") -> NFLTAH | S11: =IFERROR(INDIRECT("REF!C"&MATCH(T11,REF!A:A,0)),"N.C.") -> SBC_MTSR0 | T11: 132 | V11: 45 | W11: =IFERROR(INDIRECT("REF!C"&MATCH(V11,REF!A:A,0)),"N.C.") -> COSN_DS2_AI | AN11: =IFERROR(INDIRECT("REF!C"&MATCH(AO11,REF!A:A,0)),"N.C.") -> NFLTBH | AO11: 176
A12: 2 | B12: =IFERROR(INDIRECT("REF!C"&MATCH(A12,REF!A:A,0)),"N.C.") -> PU | S12: =IFERROR(INDIRECT("REF!C"&MATCH(T12,REF!A:A,0)),"N.C.") -> SBC_CS002 | T12: 131 | V12: 46 | W12: =IFERROR(INDIRECT("REF!C"&MATCH(V12,REF!A:A,0)),"N.C.") -> COSP_DS2_AI | AN12: =IFERROR(INDIRECT("REF!C"&MATCH(AO12,REF!A:A,0)),"N.C.") -> N.C. | AO12: 175
A13: 3 | B13: =IFERROR(INDIRECT("REF!C"&MATCH(A13,REF!A:A,0)),"N.C.") -> PV | S13: =IFERROR(INDIRECT("REF!C"&MATCH(T13,REF!A:A,0)),"N.C.") -> SBC_MRST0 | T13: 130 | V13: 47 | W13: =IFERROR(INDIRECT("REF!C"&MATCH(V13,REF!A:A,0)),"N.C.") -> VDD5_AI | AN13: =IFERROR(INDIRECT("REF!C"&MATCH(AO13,REF!A:A,0)),"N.C.") -> HWCFG5 | AO13: 174
A14: 4 | B14: =IFERROR(INDIRECT("REF!C"&MATCH(A14,REF!A:A,0)),"N.C.") -> PW | S14: =IFERROR(INDIRECT("REF!C"&MATCH(T14,REF!A:A,0)),"N.C.") -> SBC_CLK0 | T14: 129 | V14: 48 | W14: =IFERROR(INDIRECT("REF!C"&MATCH(V14,REF!A:A,0)),"N.C.") -> VDD5G1_AI | AN14: =IFERROR(INDIRECT("REF!C"&MATCH(AO14,REF!A:A,0)),"N.C.") -> HWCFG4 | AO14: 173
A15: 5 | B15: =IFERROR(INDIRECT("REF!C"&MATCH(A15,REF!A:A,0)),"N.C.") -> PX | S15: =IFERROR(INDIRECT("REF!C"&MATCH(T15,REF!A:A,0)),"N.C.") -> N.C. | T15: 128 | V15: 49 | W15: =IFERROR(INDIRECT("REF!C"&MATCH(V15,REF!A:A,0)),"N.C.") -> HVUP_AI | AN15: =IFERROR(INDIRECT("REF!C"&MATCH(AO15,REF!A:A,0)),"N.C.") -> N.C. | AO15: 172
A16: 6 | B16: =IFERROR(INDIRECT("REF!C"&MATCH(A16,REF!A:A,0)),"N.C.") -> PY | S16: =IFERROR(INDIRECT("REF!C"&MATCH(T16,REF!A:A,0)),"N.C.") -> WDI | T16: 127 | V16: 50 | W16: =IFERROR(INDIRECT("REF!C"&MATCH(V16,REF!A:A,0)),"N.C.") -> COSH_AI | AN16: =IFERROR(INDIRECT("REF!C"&MATCH(AO16,REF!A:A,0)),"N.C.") -> DFDN_H | AO16: 171
A17: 7 | B17: =IFERROR(INDIRECT("REF!C"&MATCH(A17,REF!A:A,0)),"N.C.") -> PZ | S17: =IFERROR(INDIRECT("REF!C"&MATCH(T17,REF!A:A,0)),"N.C.") -> CRASH | T17: 126 | V17: 51 | W17: =IFERROR(INDIRECT("REF!C"&MATCH(V17,REF!A:A,0)),"N.C.") -> GND | AN17: =IFERROR(INDIRECT("REF!C"&MATCH(AO17,REF!A:A,0)),"N.C.") -> DFUP_L | AO17: 170
A18: 8 | B18: =IFERROR(INDIRECT("REF!C"&MATCH(A18,REF!A:A,0)),"N.C.") -> NESO | S18: =IFERROR(INDIRECT("REF!C"&MATCH(T18,REF!A:A,0)),"N.C.") -> ENSMPS | T18: 125 | V18: 52 | W18: =IFERROR(INDIRECT("REF!C"&MATCH(V18,REF!A:A,0)),"N.C.") -> VAREF1 | AN18: =IFERROR(INDIRECT("REF!C"&MATCH(AO18,REF!A:A,0)),"N.C.") -> DFDN_L | AO18: 169
A19: 9 | B19: =IFERROR(INDIRECT("REF!C"&MATCH(A19,REF!A:A,0)),"N.C.") -> PWMTRG_O | S19: =IFERROR(INDIRECT("REF!C"&MATCH(T19,REF!A:A,0)),"N.C.") -> KL15 | T19: 124 | V19: 53 | W19: =IFERROR(INDIRECT("REF!C"&MATCH(V19,REF!A:A,0)),"N.C.") -> GND | AN19: =IFERROR(INDIRECT("REF!C"&MATCH(AO19,REF!A:A,0)),"N.C.") -> DFUP_H | AO19: 168
A20: 10 | B20: =IFERROR(INDIRECT("REF!C"&MATCH(A20,REF!A:A,0)),"N.C.") -> VDD1V3 | S20: =IFERROR(INDIRECT("REF!C"&MATCH(T20,REF!A:A,0)),"N.C.") -> VDD1V3 | T20: 123 | V20: 54 | W20: =IFERROR(INDIRECT("REF!C"&MATCH(V20,REF!A:A,0)),"N.C.") -> VDD5_REF | AN20: =IFERROR(INDIRECT("REF!C"&MATCH(AO20,REF!A:A,0)),"N.C.") -> N.C. | AO20: 167
A21: 11 | B21: =IFERROR(INDIRECT("REF!C"&MATCH(A21,REF!A:A,0)),"N.C.") -> PWMTRG | S21: =IFERROR(INDIRECT("REF!C"&MATCH(T21,REF!A:A,0)),"N.C.") -> ESR0 | T21: 122 | V21: 55 | W21: =IFERROR(INDIRECT("REF!C"&MATCH(V21,REF!A:A,0)),"N.C.") -> MTEM2_AI | AN21: =IFERROR(INDIRECT("REF!C"&MATCH(AO21,REF!A:A,0)),"N.C.") -> N.C. | AO21: 166
A22: 12 | B22: =IFERROR(INDIRECT("REF!C"&MATCH(A22,REF!A:A,0)),"N.C.") -> N.C. | S22: =IFERROR(INDIRECT("REF!C"&MATCH(T22,REF!A:A,0)),"N.C.") -> PORST | T22: 121 | V22: 56 | W22: =IFERROR(INDIRECT("REF!C"&MATCH(V22,REF!A:A,0)),"N.C.") -> N.C. | AN22: =IFERROR(INDIRECT("REF!C"&MATCH(AO22,REF!A:A,0)),"N.C.") -> N.C. | AO22: 165
... A54: 44 | B54: =IFERROR(INDIRECT("REF!C"&MATCH(A54,REF!A:A,0)),"N.C.") -> COSL_AI | S54: =IFERROR(INDIRECT("REF!C"&MATCH(T54,REF!A:A,0)),"N.C.") -> MR | T54: 89 | V54: 88 | W54: =IFERROR(INDIRECT("REF!C"&MATCH(V54,REF!A:A,0)),"N.C.") -> N.C. | AN54: =IFERROR(INDIRECT("REF!C"&MATCH(AO54,REF!A:A,0)),"N.C.") -> CAN2TXD | AO54: 133
